{"binance:CRV/USDT:long": 1775965957.8626873, "binance:ETHFI/USDT:long": 1775966022.4760277, "binance:CATI/USDT:short": 1775966517.0319479}